ANIMAL INGRESADO,MOTIVO,AÃ‘O
Pudu,Ataque de perro,2017
Pudu,Ataque de perro,2017
Pudu,Otro,2017
Pudu,Otro,2017
Pudu,Otro,2017
Pudu,Otro,2017
Pudu,Otro,2017
Pudu,Otro,2017
Pudu,Otro,2017
Pudu,Otro,2017
Pudu,Otro,2017
Pudu,Otro,2017
Otro,Ataque de perro,2017
Otro,Ataque de perro,2017
Otro,Otro,2017
Otro,Otro,2017
Otro,Otro,2017
Otro,Otro,2017
Otro,Otro,2017
Otro,Otro,2017
Otro,Otro,2017
Otro,Otro,2017
Otro,Otro,2017
Otro,Otro,2017
Otro,Otro,2017
Otro,Otro,2017
Otro,Otro,2017
Otro,Otro,2017
Otro,Otro,2017
Otro,Otro,2017
Otro,Otro,2017
Otro,Otro,2017
Otro,Otro,2017
Otro,Otro,2017
Otro,Otro,2017
Otro,Otro,2017
Otro,Otro,2017
Otro,Otro,2017
Otro,Otro,2017
Otro,Otro,2017
Otro,Otro,2017
Otro,Otro,2017
Otro,Otro,2017
Otro,Otro,2017
Otro,Otro,2017
Otro,Otro,2017
Otro,Otro,2017
Otro,Otro,2017
Otro,Otro,2017
Otro,Otro,2017
Otro,Otro,2017
Otro,Otro,2017
Otro,Otro,2017
Otro,Otro,2017
Otro,Otro,2017
Otro,Otro,2017
Otro,Otro,2017
Otro,Otro,2017
Otro,Otro,2017
Otro,Otro,2017
Otro,Otro,2017
Otro,Otro,2017
Otro,Otro,2017
Otro,Otro,2017
Otro,Otro,2017
Otro,Otro,2017
Otro,Otro,2017
Otro,Otro,2017
Otro,Otro,2017
Otro,Otro,2017
Otro,Otro,2017
Otro,Otro,2017
Otro,Otro,2017
Otro,Otro,2017
Otro,Otro,2017
Otro,Otro,2017
Otro,Otro,2017
Otro,Otro,2017
Otro,Otro,2017
Otro,Otro,2017
Otro,Otro,2017
Otro,Otro,2017
Otro,Otro,2017
Otro,Otro,2017
Otro,Otro,2017
Pudu,Ataque de perro,2018
Pudu,Ataque de perro,2018
Pudu,Ataque de perro,2018
Pudu,Ataque de perro,2018
Pudu,Ataque de perro,2018
Pudu,Otro,2018
Pudu,Otro,2018
Pudu,Otro,2018
Pudu,Otro,2018
Pudu,Otro,2018
Pudu,Otro,2018
Otro,Otro,2018
Otro,Otro,2018
Otro,Otro,2018
Otro,Otro,2018
Otro,Otro,2018
Otro,Otro,2018
Otro,Otro,2018
Otro,Otro,2018
Otro,Otro,2018
Otro,Otro,2018
Otro,Otro,2018
Otro,Otro,2018
Otro,Otro,2018
Otro,Otro,2018
Otro,Otro,2018
Otro,Otro,2018
Otro,Otro,2018
Otro,Otro,2018
Otro,Otro,2018
Otro,Otro,2018
Otro,Otro,2018
Otro,Otro,2018
Otro,Otro,2018
Otro,Otro,2018
Otro,Otro,2018
Otro,Otro,2018
Otro,Otro,2018
Otro,Otro,2018
Otro,Otro,2018
Otro,Otro,2018
Otro,Otro,2018
Otro,Otro,2018
Otro,Otro,2018
Otro,Otro,2018
Otro,Otro,2018
Otro,Otro,2018
Otro,Otro,2018
Otro,Otro,2018
Otro,Otro,2018
Otro,Otro,2018
Otro,Otro,2018
Otro,Otro,2018
Otro,Otro,2018
Otro,Otro,2018
Otro,Otro,2018
Otro,Otro,2018
Otro,Otro,2018
Otro,Otro,2018
Otro,Otro,2018
Otro,Otro,2018
Otro,Otro,2018
Otro,Otro,2018
Otro,Otro,2018
Otro,Otro,2018
Otro,Otro,2018
Otro,Otro,2018
Otro,Otro,2018
Otro,Otro,2018
Otro,Otro,2018
Otro,Otro,2018
Otro,Otro,2018
Otro,Otro,2018
Otro,Otro,2018
Otro,Otro,2018
Otro,Otro,2018
Otro,Otro,2018
Otro,Otro,2018
Otro,Otro,2018
Otro,Otro,2018
Otro,Otro,2018
Otro,Otro,2018
Otro,Otro,2018
Otro,Otro,2018
Otro,Otro,2018
Otro,Otro,2018
Otro,Otro,2018
Otro,Otro,2018
Otro,Otro,2018
Otro,Otro,2018
Otro,Otro,2018
Otro,Otro,2018
Otro,Otro,2018
Otro,Otro,2018
Otro,Otro,2018
Otro,Otro,2018
Otro,Otro,2018
Otro,Otro,2018
Otro,Otro,2018
Otro,Otro,2018
Otro,Otro,2018
Otro,Otro,2018
Otro,Otro,2018
Otro,Otro,2018
Otro,Otro,2018
Otro,Otro,2018
Otro,Otro,2018
Otro,Otro,2018
Otro,Otro,2018
Pudu,Ataque de perro,2019
Pudu,Ataque de perro,2019
Pudu,Ataque de perro,2019
Pudu,Ataque de perro,2019
Pudu,Ataque de perro,2019
Pudu,Ataque de perro,2019
Pudu,Ataque de perro,2019
Pudu,Otro,2019
Pudu,Otro,2019
Pudu,Otro,2019
Pudu,Otro,2019
Pudu,Otro,2019
Pudu,Otro,2019
Pudu,Otro,2019
Pudu,Otro,2019
Pudu,Otro,2019
Otro,Otro,2019
Otro,Otro,2019
Otro,Otro,2019
Otro,Otro,2019
Otro,Otro,2019
Otro,Otro,2019
Otro,Otro,2019
Otro,Otro,2019
Otro,Otro,2019
Otro,Otro,2019
Otro,Otro,2019
Otro,Otro,2019
Otro,Otro,2019
Otro,Otro,2019
Otro,Otro,2019
Otro,Otro,2019
Otro,Otro,2019
Otro,Otro,2019
Otro,Otro,2019
Otro,Otro,2019
Otro,Otro,2019
Otro,Otro,2019
Otro,Otro,2019
Otro,Otro,2019
Otro,Otro,2019
Otro,Otro,2019
Otro,Otro,2019
Otro,Otro,2019
Otro,Otro,2019
Otro,Otro,2019
Otro,Otro,2019
Otro,Otro,2019
Otro,Otro,2019
Otro,Otro,2019
Otro,Otro,2019
Otro,Otro,2019
Otro,Otro,2019
Otro,Otro,2019
Otro,Otro,2019
Otro,Otro,2019
Otro,Otro,2019
Otro,Otro,2019
Otro,Otro,2019
Otro,Otro,2019
Otro,Otro,2019
Otro,Otro,2019
Otro,Otro,2019
Otro,Otro,2019
Otro,Otro,2019
Otro,Otro,2019
Otro,Otro,2019
Otro,Otro,2019
Otro,Otro,2019
Otro,Otro,2019
Otro,Otro,2019
Otro,Otro,2019
Otro,Otro,2019
Otro,Otro,2019
Otro,Otro,2019
Otro,Otro,2019
Otro,Otro,2019
Otro,Otro,2019
Otro,Otro,2019
Otro,Otro,2019
Otro,Otro,2019
Otro,Otro,2019
Otro,Otro,2019
Otro,Otro,2019
Otro,Otro,2019
Otro,Otro,2019
Otro,Otro,2019
Otro,Otro,2019
Otro,Otro,2019
Otro,Otro,2019
Otro,Otro,2019
Pudu,Ataque de perro,2020
Pudu,Ataque de perro,2020
Pudu,Ataque de perro,2020
Pudu,Ataque de perro,2020
Pudu,Ataque de perro,2020
Pudu,Ataque de perro,2020
Pudu,Ataque de perro,2020
Pudu,Ataque de perro,2020
Pudu,Ataque de perro,2020
Pudu,Ataque de perro,2020
Pudu,Ataque de perro,2020
Pudu,Ataque de perro,2020
Pudu,Ataque de perro,2020
Pudu,Ataque de perro,2020
Pudu,Ataque de perro,2020
Pudu,Ataque de perro,2020
Pudu,Ataque de perro,2020
Pudu,Ataque de perro,2020
Pudu,Otro,2020
Pudu,Otro,2020
Pudu,Otro,2020
Pudu,Otro,2020
Pudu,Otro,2020
Otro,Ataque de perro,2020
Otro,Otro,2020
Otro,Otro,2020
Otro,Otro,2020
Otro,Otro,2020
Otro,Otro,2020
Otro,Otro,2020
Otro,Otro,2020
Otro,Otro,2020
Otro,Otro,2020
Otro,Otro,2020
Otro,Otro,2020
Otro,Otro,2020
Otro,Otro,2020
Otro,Otro,2020
Otro,Otro,2020
Otro,Otro,2020
Otro,Otro,2020
Otro,Otro,2020
Otro,Otro,2020
Otro,Otro,2020
Otro,Otro,2020
Otro,Otro,2020
Otro,Otro,2020
Otro,Otro,2020
Otro,Otro,2020
Otro,Otro,2020
Otro,Otro,2020
Otro,Otro,2020
Otro,Otro,2020
Otro,Otro,2020
Otro,Otro,2020
Otro,Otro,2020
Otro,Otro,2020
Otro,Otro,2020
Otro,Otro,2020
Otro,Otro,2020
Otro,Otro,2020
Otro,Otro,2020
Otro,Otro,2020
Otro,Otro,2020
Otro,Otro,2020
Otro,Otro,2020
Otro,Otro,2020
Otro,Otro,2020
Otro,Otro,2020
Otro,Otro,2020
Otro,Otro,2020
Otro,Otro,2020
Otro,Otro,2020
Otro,Otro,2020
Otro,Otro,2020
Otro,Otro,2020
Otro,Otro,2020
Otro,Otro,2020
Otro,Otro,2020
Otro,Otro,2020
Otro,Otro,2020
Otro,Otro,2020
Otro,Otro,2020
Otro,Otro,2020
Otro,Otro,2020
Otro,Otro,2020
Otro,Otro,2020
Otro,Otro,2020
Otro,Otro,2020
Otro,Otro,2020
Otro,Otro,2020
Otro,Otro,2020
Otro,Otro,2020
Otro,Otro,2020
Otro,Otro,2020
Otro,Otro,2020
Otro,Otro,2020
Otro,Otro,2020
Otro,Otro,2020
Otro,Otro,2020
Pudu,Ataque de perro,2021
Pudu,Ataque de perro,2021
Pudu,Ataque de perro,2021
Pudu,Ataque de perro,2021
Pudu,Ataque de perro,2021
Pudu,Ataque de perro,2021
Pudu,Ataque de perro,2021
Pudu,Ataque de perro,2021
Pudu,Otro,2021
Pudu,Otro,2021
Pudu,Otro,2021
Pudu,Otro,2021
Pudu,Otro,2021
Pudu,Otro,2021
Pudu,Otro,2021
Pudu,Otro,2021
Pudu,Otro,2021
Pudu,Otro,2021
Pudu,Otro,2021
Pudu,Otro,2021
Pudu,Otro,2021
Pudu,Otro,2021
Pudu,Otro,2021
Pudu,Otro,2021
Pudu,Otro,2021
Pudu,Otro,2021
Pudu,Otro,2021
Pudu,Otro,2021
Pudu,Otro,2021
Pudu,Otro,2021
Otro,Ataque de perro,2021
Otro,Ataque de perro,2021
Otro,Ataque de perro,2021
Otro,Ataque de perro,2021
Otro,Otro,2021
Otro,Otro,2021
Otro,Otro,2021
Otro,Otro,2021
Otro,Otro,2021
Otro,Otro,2021
Otro,Otro,2021
Otro,Otro,2021
Otro,Otro,2021
Otro,Otro,2021
Otro,Otro,2021
Otro,Otro,2021
Otro,Otro,2021
Otro,Otro,2021
Otro,Otro,2021
Otro,Otro,2021
Otro,Otro,2021
Otro,Otro,2021
Otro,Otro,2021
Otro,Otro,2021
Otro,Otro,2021
Otro,Otro,2021
Otro,Otro,2021
Otro,Otro,2021
Otro,Otro,2021
Otro,Otro,2021
Otro,Otro,2021
Otro,Otro,2021
Otro,Otro,2021
Otro,Otro,2021
Otro,Otro,2021
Otro,Otro,2021
Otro,Otro,2021
Otro,Otro,2021
Otro,Otro,2021
Otro,Otro,2021
Otro,Otro,2021
Otro,Otro,2021
Otro,Otro,2021
Otro,Otro,2021
Otro,Otro,2021
Otro,Otro,2021
Otro,Otro,2021
Otro,Otro,2021
Otro,Otro,2021
Otro,Otro,2021
Otro,Otro,2021
Otro,Otro,2021
Otro,Otro,2021
Otro,Otro,2021
Otro,Otro,2021
Otro,Otro,2021
Otro,Otro,2021
Otro,Otro,2021
Otro,Otro,2021
Otro,Otro,2021
Otro,Otro,2021
Otro,Otro,2021
Otro,Otro,2021
Otro,Otro,2021
Otro,Otro,2021
Otro,Otro,2021
Otro,Otro,2021
Otro,Otro,2021
Otro,Otro,2021
Otro,Otro,2021
Otro,Otro,2021
Otro,Otro,2021
Otro,Otro,2021
Otro,Otro,2021
Otro,Otro,2021
Otro,Otro,2021
Otro,Otro,2021
Otro,Otro,2021
Otro,Otro,2021
Otro,Otro,2021
Otro,Otro,2021
Otro,Otro,2021
Otro,Otro,2021
Otro,Otro,2021
Otro,Otro,2021
Otro,Otro,2021
Otro,Otro,2021
Otro,Otro,2021
Otro,Otro,2021
Otro,Otro,2021
Otro,Otro,2021
Otro,Otro,2021
Otro,Otro,2021
Otro,Otro,2021
Otro,Otro,2021
Otro,Otro,2021
Otro,Otro,2021
Otro,Otro,2021
Otro,Otro,2021
Otro,Otro,2021
Otro,Otro,2021
Otro,Otro,2021
Otro,Otro,2021
Otro,Otro,2021
Otro,Otro,2021
Otro,Otro,2021
Otro,Otro,2021
Otro,Otro,2021
Otro,Otro,2021
Otro,Otro,2021
Otro,Otro,2021
Otro,Otro,2021
Otro,Otro,2021
Otro,Otro,2021
Otro,Otro,2021
Otro,Otro,2021
Otro,Otro,2021
Otro,Otro,2021
Otro,Otro,2021
Otro,Otro,2021
Otro,Otro,2021
Pudu,Ataque de perro,2022
Pudu,Ataque de perro,2022
Pudu,Ataque de perro,2022
Pudu,Ataque de perro,2022
Pudu,Ataque de perro,2022
Pudu,Ataque de perro,2022
Pudu,Ataque de perro,2022
Pudu,Ataque de perro,2022
Pudu,Ataque de perro,2022
Pudu,Ataque de perro,2022
Pudu,Ataque de perro,2022
Pudu,Ataque de perro,2022
Pudu,Ataque de perro,2022
Pudu,Ataque de perro,2022
Pudu,Ataque de perro,2022
Pudu,Ataque de perro,2022
Pudu,Ataque de perro,2022
Pudu,Ataque de perro,2022
Pudu,Ataque de perro,2022
Pudu,Ataque de perro,2022
Pudu,Ataque de perro,2022
Pudu,Ataque de perro,2022
Pudu,Ataque de perro,2022
Pudu,Ataque de perro,2022
Pudu,Ataque de perro,2022
Pudu,Ataque de perro,2022
Pudu,Ataque de perro,2022
Pudu,Ataque de perro,2022
Pudu,Ataque de perro,2022
Pudu,Ataque de perro,2022
Pudu,Ataque de perro,2022
Pudu,Ataque de perro,2022
Pudu,Ataque de perro,2022
Pudu,Ataque de perro,2022
Pudu,Ataque de perro,2022
Pudu,Otro,2022
Pudu,Otro,2022
Pudu,Otro,2022
Pudu,Otro,2022
Pudu,Otro,2022
Pudu,Otro,2022
Pudu,Otro,2022
Pudu,Otro,2022
Pudu,Otro,2022
Pudu,Otro,2022
Pudu,Otro,2022
Pudu,Otro,2022
Pudu,Otro,2022
Pudu,Otro,2022
Pudu,Otro,2022
Pudu,Otro,2022
Pudu,Otro,2022
Pudu,Otro,2022
Pudu,Otro,2022
Pudu,Otro,2022
Pudu,Otro,2022
Pudu,Otro,2022
Pudu,Otro,2022
Pudu,Otro,2022
Pudu,Otro,2022
Otro,Ataque de perro,2022
Otro,Ataque de perro,2022
Otro,Ataque de perro,2022
Otro,Ataque de perro,2022
Otro,Ataque de perro,2022
Otro,Ataque de perro,2022
Otro,Ataque de perro,2022
Otro,Ataque de perro,2022
Otro,Otro,2022
Otro,Otro,2022
Otro,Otro,2022
Otro,Otro,2022
Otro,Otro,2022
Otro,Otro,2022
Otro,Otro,2022
Otro,Otro,2022
Otro,Otro,2022
Otro,Otro,2022
Otro,Otro,2022
Otro,Otro,2022
Otro,Otro,2022
Otro,Otro,2022
Otro,Otro,2022
Otro,Otro,2022
Otro,Otro,2022
Otro,Otro,2022
Otro,Otro,2022
Otro,Otro,2022
Otro,Otro,2022
Otro,Otro,2022
Otro,Otro,2022
Otro,Otro,2022
Otro,Otro,2022
Otro,Otro,2022
Otro,Otro,2022
Otro,Otro,2022
Otro,Otro,2022
Otro,Otro,2022
Otro,Otro,2022
Otro,Otro,2022
Otro,Otro,2022
Otro,Otro,2022
Otro,Otro,2022
Otro,Otro,2022
Otro,Otro,2022
Otro,Otro,2022
Otro,Otro,2022
Otro,Otro,2022
Otro,Otro,2022
Otro,Otro,2022
Otro,Otro,2022
Otro,Otro,2022
Otro,Otro,2022
Otro,Otro,2022
Otro,Otro,2022
Otro,Otro,2022
Otro,Otro,2022
Otro,Otro,2022
Otro,Otro,2022
Otro,Otro,2022
Otro,Otro,2022
Otro,Otro,2022
Otro,Otro,2022
Otro,Otro,2022
Otro,Otro,2022
Otro,Otro,2022
Otro,Otro,2022
Otro,Otro,2022
Otro,Otro,2022
Otro,Otro,2022
Otro,Otro,2022
Otro,Otro,2022
Otro,Otro,2022
Otro,Otro,2022
Otro,Otro,2022
Otro,Otro,2022
Otro,Otro,2022
Otro,Otro,2022
Otro,Otro,2022
Otro,Otro,2022
Otro,Otro,2022
Otro,Otro,2022
Otro,Otro,2022
Otro,Otro,2022
Otro,Otro,2022
Otro,Otro,2022
Otro,Otro,2022
Otro,Otro,2022
Otro,Otro,2022
Otro,Otro,2022
Otro,Otro,2022
Otro,Otro,2022
Otro,Otro,2022
Otro,Otro,2022
Otro,Otro,2022
Otro,Otro,2022
Otro,Otro,2022
Otro,Otro,2022
Otro,Otro,2022
Otro,Otro,2022
Otro,Otro,2022
Otro,Otro,2022
Otro,Otro,2022
Otro,Otro,2022
Otro,Otro,2022
Otro,Otro,2022
Otro,Otro,2022
Otro,Otro,2022
Otro,Otro,2022
Otro,Otro,2022
Otro,Otro,2022
Otro,Otro,2022
Otro,Otro,2022
Otro,Otro,2022
Otro,Otro,2022
Otro,Otro,2022
Otro,Otro,2022
Otro,Otro,2022
Otro,Otro,2022
Otro,Otro,2022
Otro,Otro,2022
Otro,Otro,2022
Otro,Otro,2022
Otro,Otro,2022
Otro,Otro,2022
Otro,Otro,2022
Otro,Otro,2022
Otro,Otro,2022
Otro,Otro,2022
Otro,Otro,2022
Otro,Otro,2022
Otro,Otro,2022
Otro,Otro,2022
Otro,Otro,2022
Otro,Otro,2022
Otro,Otro,2022
Otro,Otro,2022
Otro,Otro,2022
Otro,Otro,2022
Otro,Otro,2022
Otro,Otro,2022
Otro,Otro,2022
Otro,Otro,2022
Otro,Otro,2022
Otro,Otro,2022
Otro,Otro,2022
Otro,Otro,2022
Otro,Otro,2022
Otro,Otro,2022
Pudu,Ataque de perro,2023
Pudu,Ataque de perro,2023
Pudu,Ataque de perro,2023
Pudu,Ataque de perro,2023
Pudu,Ataque de perro,2023
Pudu,Ataque de perro,2023
Pudu,Ataque de perro,2023
Pudu,Ataque de perro,2023
Pudu,Ataque de perro,2023
Pudu,Ataque de perro,2023
Pudu,Ataque de perro,2023
Pudu,Ataque de perro,2023
Pudu,Ataque de perro,2023
Pudu,Ataque de perro,2023
Pudu,Ataque de perro,2023
Pudu,Ataque de perro,2023
Pudu,Ataque de perro,2023
Pudu,Ataque de perro,2023
Pudu,Ataque de perro,2023
Pudu,Ataque de perro,2023
Pudu,Ataque de perro,2023
Pudu,Ataque de perro,2023
Pudu,Ataque de perro,2023
Pudu,Ataque de perro,2023
Pudu,Otro,2023
Pudu,Otro,2023
Pudu,Otro,2023
Pudu,Otro,2023
Pudu,Otro,2023
Pudu,Otro,2023
Pudu,Otro,2023
Pudu,Otro,2023
Pudu,Otro,2023
Pudu,Otro,2023
Pudu,Otro,2023
Pudu,Otro,2023
Pudu,Otro,2023
Pudu,Otro,2023
Pudu,Otro,2023
Pudu,Otro,2023
Pudu,Otro,2023
Pudu,Otro,2023
Pudu,Otro,2023
Pudu,Otro,2023
Pudu,Otro,2023
Pudu,Otro,2023
Pudu,Otro,2023
Pudu,Otro,2023
Otro,Ataque de perro,2023
Otro,Ataque de perro,2023
Otro,Otro,2023
Otro,Otro,2023
Otro,Otro,2023
Otro,Otro,2023
Otro,Otro,2023
Otro,Otro,2023
Otro,Otro,2023
Otro,Otro,2023
Otro,Otro,2023
Otro,Otro,2023
Otro,Otro,2023
Otro,Otro,2023
Otro,Otro,2023
Otro,Otro,2023
Otro,Otro,2023
Otro,Otro,2023
Otro,Otro,2023
Otro,Otro,2023
Otro,Otro,2023
Otro,Otro,2023
Otro,Otro,2023
Otro,Otro,2023
Otro,Otro,2023
Otro,Otro,2023
Otro,Otro,2023
Otro,Otro,2023
Otro,Otro,2023
Otro,Otro,2023
Otro,Otro,2023
Otro,Otro,2023
Otro,Otro,2023
Otro,Otro,2023
Otro,Otro,2023
Otro,Otro,2023
Otro,Otro,2023
Otro,Otro,2023
Otro,Otro,2023
Otro,Otro,2023
Otro,Otro,2023
Otro,Otro,2023
Otro,Otro,2023
Otro,Otro,2023
Otro,Otro,2023
Otro,Otro,2023
Otro,Otro,2023
Otro,Otro,2023
Otro,Otro,2023
Otro,Otro,2023
Otro,Otro,2023
Otro,Otro,2023
Otro,Otro,2023
Otro,Otro,2023
Otro,Otro,2023
Otro,Otro,2023
Otro,Otro,2023
Otro,Otro,2023
Otro,Otro,2023
Otro,Otro,2023
Otro,Otro,2023
Otro,Otro,2023
Otro,Otro,2023
Otro,Otro,2023
Otro,Otro,2023
Otro,Otro,2023
Otro,Otro,2023
Otro,Otro,2023
Otro,Otro,2023
Otro,Otro,2023
Otro,Otro,2023
Otro,Otro,2023
Otro,Otro,2023
Otro,Otro,2023
Otro,Otro,2023
Otro,Otro,2023
Otro,Otro,2023
Otro,Otro,2023
Otro,Otro,2023
Otro,Otro,2023
Otro,Otro,2023
Otro,Otro,2023
Otro,Otro,2023
Otro,Otro,2023
Otro,Otro,2023
Otro,Otro,2023
Otro,Otro,2023
Otro,Otro,2023
Otro,Otro,2023
Otro,Otro,2023
Otro,Otro,2023
Otro,Otro,2023
Otro,Otro,2023
Otro,Otro,2023
Otro,Otro,2023
Otro,Otro,2023
Otro,Otro,2023
Otro,Otro,2023
Otro,Otro,2023
Otro,Otro,2023
Otro,Otro,2023
Otro,Otro,2023
Otro,Otro,2023
Otro,Otro,2023
Otro,Otro,2023
Otro,Otro,2023
Otro,Otro,2023
Otro,Otro,2023
Otro,Otro,2023
Otro,Otro,2023
Otro,Otro,2023
Otro,Otro,2023
Otro,Otro,2023
Otro,Otro,2023
Otro,Otro,2023
Otro,Otro,2023
Otro,Otro,2023
Otro,Otro,2023
Otro,Otro,2023
Otro,Otro,2023
Otro,Otro,2023
Otro,Otro,2023
Otro,Otro,2023
Otro,Otro,2023
Otro,Otro,2023
Otro,Otro,2023
Otro,Otro,2023
Otro,Otro,2023
Otro,Otro,2023
Otro,Otro,2023
Otro,Otro,2023
Otro,Otro,2023
Otro,Otro,2023
Otro,Otro,2023
Otro,Otro,2023
Otro,Otro,2023
Otro,Otro,2023
Otro,Otro,2023
Otro,Otro,2023
Otro,Otro,2023
Otro,Otro,2023
Otro,Otro,2023
Otro,Otro,2023
Otro,Otro,2023
Otro,Otro,2023
Otro,Otro,2023
Otro,Otro,2023
Otro,Otro,2023
Otro,Otro,2023
